{
  "camera": {
    "width": null,
    "height": null,
    "aspect_ratio": null,
    "background_color": [
      0.0,
      0.0,
      0.0
    ],
    "look_at": [
      0.0,
      0.0,
      0.0
    ],
    "look_from": [
      0.0,
      0.5,
      0.0
    ],
    "view_up": null,
    "focal_length": null,
    "field_of_view": 40.0,
    "defocus_angle": null,
    "focus_distance": null,
    "samples_per_pixel": 200,
    "ray_max_bounces": 50
  },
  "textures": [
    [
      "tex_0000000",
      {
        "SolidColor": {
          "color": [
            0.3450980392,
            0.3568627451,
            0.4392156863
          ]
        }
      }
    ],
    [
      "tex_0000001",
      {
        "SolidColor": {
          "color": [
            0.6509803922,
            0.8901960784,
            0.631372549
          ]
        }
      }
    ],
    [
      "tex_0000002",
      {
        "SolidColor": {
          "color": [
            0.9529411765,
            0.5450980392,
            0.6588235294
          ]
        }
      }
    ],
    [
      "tex_0000003",
      {
        "SolidColor": {
          "color": [
            1.0,
            1.0,
            1.0
          ]
        }
      }
    ]
  ],
  "materials": [
    [
      "mat_0000000",
      {
        "Lambertian": {
          "texture": "tex_0000000"
        }
      }
    ],
    [
      "mat_0000001",
      {
        "Lambertian": {
          "texture": "tex_0000001"
        }
      }
    ],
    [
      "mat_0000002",
      {
        "Lambertian": {
          "texture": "tex_0000002"
        }
      }
    ],
    [
      "mat_0000003",
      {
        "DiffuseLight": {
          "intensity": 15.0,
          "texture": "tex_0000003"
        }
      }
    ]
  ],
  "scene": [
    {
      "Quad": {
        "point": [
          0.0,
          0.0,
          0.0
        ],
        "u": [
          1.0,
          0.0,
          0.0
        ],
        "v": [
          0.0,
          0.0,
          1.0
        ],
        "material": "mat_0000000"
      }
    },
    {
      "Quad": {
        "point": [
          1.0,
          1.0,
          1.0
        ],
        "u": [
          -1.0,
          0.0,
          0.0
        ],
        "v": [
          0.0,
          0.0,
          -1.0
        ],
        "material": "mat_0000000"
      }
    },
    {
      "Quad": {
        "point": [
          0.0,
          0.0,
          1.0
        ],
        "u": [
          1.0,
          0.0,
          0.0
        ],
        "v": [
          0.0,
          1.0,
          0.0
        ],
        "material": "mat_0000000"
      }
    },
    {
      "Quad": {
        "point": [
          1.0,
          0.0,
          0.0
        ],
        "u": [
          0.0,
          1.0,
          0.0
        ],
        "v": [
          0.0,
          0.0,
          1.0
        ],
        "material": "mat_0000001"
      }
    },
    {
      "Quad": {
        "point": [
          0.0,
          0.0,
          0.0
        ],
        "u": [
          0.0,
          1.0,
          0.0
        ],
        "v": [
          0.0,
          0.0,
          1.0
        ],
        "material": "mat_0000002"
      }
    },
    {
      "Quad": {
        "point": [
          0.67,
          0.998,
          0.598
        ],
        "u": [
          -0.234,
          0.0,
          0.0
        ],
        "v": [
          0.0,
          0.0,
          -0.189
        ],
        "material": "mat_0000003"
      }
    }
  ]
}