{
    "camera": {
        "look_at": [
            0,
            0,
            0
        ],
        "look_from": [
            13.0,
            2.0,
            3.0
        ]
    },
    "objects": [
        {
            "Sphere": {
                "center": [
                    0,
                    -10,
                    0
                ],
                "radius": 10,
                "material": 0
            }
        },
        {
            "Sphere": {
                "center": [
                    0,
                    10,
                    0
                ],
                "radius": 10,
                "material": 1
            }
        }
    ],
    "materials": [
        {
            "Metal": {
                "texture": 0,
                "fuzz": 0.03125
            }
        },
        {
            "Lambertian": {
                "texture": 1
            }
        }
    ],
    "textures": [
        {
            "SolidColor": [
                0.03973959434405272,
                0.8611477802812334,
                0.6047194248990496
            ]
        },
        {
            "Checker": {
                "even": [
                    0.028335879203178926,
                    0.4046524523947793,
                    0.36818848809281335
                ],
                "odd": [
                    0.8009223610707682,
                    0.19401550643663779,
                    0.8563405065540484
                ],
                "scale": 24
            }
        }
    ]
}