{
    "camera": {
        "look_at": [
            0,
            0,
            0
        ],
        "look_from": [
            8.0,
            4.0,
            10.0
        ]
    },
    "objects": [
        {
            "Sphere": {
                "center": [
                    0,
                    -1000,
                    0
                ],
                "radius": 1000,
                "material": {
                    "Lambertian": {
                        "texture": {
                            "Checker": {
                                "even": [
                                    0.9,
                                    0.9,
                                    0.9
                                ],
                                "odd": [
                                    0.2,
                                    0.3,
                                    0.1
                                ],
                                "scale": 0.32
                            }
                        }
                    }
                }
            }
        },
        {
            "Sphere": {
                "center": [
                    4.0,
                    0.992,
                    -4.0
                ],
                "radius": 1,
                "material": {
                    "Metal": {
                        "texture": {
                            "SolidColor": [
                                0.6199038796861416,
                                0.7964155587001374,
                                0.29894213588735985
                            ]
                        },
                        "fuzz": 0.7285143307274348
                    }
                }
            }
        },
        {
            "Sphere": {
                "center": [
                    0.0,
                    1.0,
                    -4.0
                ],
                "radius": 1,
                "material": {
                    "Lambertian": {
                        "texture": {
                            "SolidColor": [
                                0.7915698097521237,
                                0.27257522281058166,
                                0.6010129297452749
                            ]
                        }
                    }
                }
            }
        },
        {
            "Sphere": {
                "center": [
                    -4.0,
                    0.992,
                    -4.0
                ],
                "radius": 1,
                "material": {
                    "Lambertian": {
                        "texture": {
                            "SolidColor": [
                                0.8023358300114428,
                                0.4358273625746094,
                                0.4082655159851941
                            ]
                        }
                    }
                }
            }
        },
        {
            "Sphere": {
                "center": [
                    4.0,
                    0.992,
                    0.0
                ],
                "radius": 1,
                "material": {
                    "Metal": {
                        "texture": {
                            "SolidColor": [
                                0.5902525098127595,
                                0.5181068239051853,
                                0.11103224401891143
                            ]
                        },
                        "fuzz": 0.842118660443511
                    }
                }
            }
        },
        {
            "Sphere": {
                "center": [
                    0.0,
                    1.0,
                    0.0
                ],
                "radius": 1,
                "material": {
                    "Metal": {
                        "texture": {
                            "SolidColor": [
                                0.5199724711804644,
                                0.888797795228186,
                                0.2727431863227646
                            ]
                        },
                        "fuzz": 0.264819585272714
                    }
                }
            }
        },
        {
            "Sphere": {
                "center": [
                    -4.0,
                    0.992,
                    0.0
                ],
                "radius": 1,
                "material": {
                    "Lambertian": {
                        "texture": {
                            "SolidColor": [
                                0.9474628665572803,
                                0.6565169387930767,
                                0.7835642481153072
                            ]
                        }
                    }
                }
            }
        },
        {
            "Sphere": {
                "center": [
                    4.0,
                    0.992,
                    4.0
                ],
                "radius": 1,
                "material": {
                    "Lambertian": {
                        "texture": {
                            "SolidColor": [
                                0.16258069003763942,
                                0.08654572570187691,
                                0.3560685506551411
                            ]
                        }
                    }
                }
            }
        },
        {
            "Sphere": {
                "center": [
                    0.0,
                    1.0,
                    4.0
                ],
                "radius": 1,
                "material": {
                    "Metal": {
                        "texture": {
                            "SolidColor": [
                                0.3291490762644548,
                                0.3092903764751771,
                                0.6688066719133889
                            ]
                        },
                        "fuzz": 0.023634280773413674
                    }
                }
            }
        },
        {
            "Sphere": {
                "center": [
                    -4.0,
                    0.992,
                    4.0
                ],
                "radius": 1,
                "material": {
                    "Metal": {
                        "texture": {
                            "SolidColor": [
                                0.2811717526202666,
                                0.08749049045212132,
                                0.6025648970772757
                            ]
                        },
                        "fuzz": 0.38693369560017754
                    }
                }
            }
        }
    ]
}