{
    "camera": {
        "look_at": [
            0,
            0,
            0
        ],
        "look_from": [
            13.0,
            2.0,
            3.0
        ]
    },
    "objects": [
        {
            "Sphere": {
                "center": [
                    0,
                    -10,
                    0
                ],
                "radius": 10,
                "material": {
                    "Metal": {
                        "texture": {
                            "SolidColor": [
                                0.8249117784258928,
                                0.581678849947513,
                                0.09606901578772198
                            ]
                        },
                        "fuzz": 0.03125
                    }
                }
            }
        },
        {
            "Sphere": {
                "center": [
                    0,
                    10,
                    0
                ],
                "radius": 10,
                "material": {
                    "Lambertian": {
                        "texture": {
                            "Checker": {
                                "even": [
                                    0.7750569897303491,
                                    0.45436091069591344,
                                    0.7522559848785181
                                ],
                                "odd": [
                                    0.9781148094809172,
                                    0.20084969608316472,
                                    0.08845265973081018
                                ],
                                "scale": 24
                            }
                        }
                    }
                }
            }
        }
    ]
}