{
    "camera": {
        "look_at": [
            0,
            0,
            0
        ],
        "look_from": [
            13.0,
            2.0,
            3.0
        ]
    },
    "objects": [
        {
            "Sphere": {
                "center": [
                    0,
                    -10,
                    0
                ],
                "radius": 10,
                "material": {
                    "Metal": {
                        "texture": {
                            "SolidColor": [
                                0.39205494202806923,
                                0.02989347806627385,
                                0.3065128762673245
                            ]
                        },
                        "fuzz": 0
                    }
                }
            }
        },
        {
            "Sphere": {
                "center": [
                    0,
                    10,
                    0
                ],
                "radius": 10,
                "material": {
                    "Lambertian": {
                        "texture": {
                            "Checker": {
                                "even": [
                                    0.47436473268255963,
                                    0.8243066716352008,
                                    0.31909050356666846
                                ],
                                "odd": [
                                    0.8216176419881986,
                                    0.9220496145413296,
                                    0.6113823389637775
                                ],
                                "scale": 0.8473928721305372
                            }
                        }
                    }
                }
            }
        }
    ]
}